0.3333333,0.3333333,0.3333333,0.3333333,0.3333333,0.3333333,0.3333333,0.3333333,0.3333333
0.3342566588505149,0.3333358625108323,0.3333333047431486,0.3328716208517501,0.3333320187453526,0.3333332976284271,0.3328716208517501,0.3333320187453526,0.3333332976284271
0.335174902152652,0.3333435121766435,0.3333333377877419,0.3324124994761545,0.3333281939147419,0.3333332811061404,0.3324124994761545,0.3333281939147419,0.3333332811061404
0.3360880582473268,0.333356192551558,0.3333334270038757,0.3319559217027639,0.3333218537310887,0.3333332364981001,0.3319559217027639,0.3333218537310887,0.3333332364981001
0.3369961553184419,0.3333738476589964,0.3333335997958256,0.3315018734396354,0.3333130261826661,0.3333331501021771,0.3315018734396354,0.3333130261826661,0.3333331501021771
0.3378992213937568,0.3333964219882076,0.3333338831072174,0.3310503406728977,0.3333017390248328,0.3333330084465662,0.3310503406728977,0.3333017390248328,0.3333330084465662
0.3387972843457528,0.3334238604908257,0.3333343034261509,0.3306013094663185,0.3332880197817553,0.3333327982872255,0.3306013094663185,0.3332880197817553,0.3333327982872255
0.3396903718924936,0.3334561085774506,0.3333348867902756,0.3301547659608743,0.3332718957481173,0.3333325066053381,0.3301547659608743,0.3332718957481173,0.3333325066053381
0.3405785115984806,0.3334931121142515,0.3333356587918195,0.3297106963743227,0.3332533939908179,0.3333321206047978,0.3297106963743227,0.3332533939908179,0.3333321206047978
0.3414617308755036,0.3335348174195952,0.3333366445825717,0.3292690870007769,0.3332325413506577,0.3333316277097175,0.3292690870007769,0.3332325413506577,0.3333316277097175
0.342340056983487,0.3335811712606969,0.3333378688788178,0.3288299242102831,0.3332093644440129,0.3333310155619617,0.3288299242102831,0.3332093644440129,0.3333310155619617
0.3432135170313308,0.3336321208502945,0.3333393559662308,0.3283931944483991,0.333183889664499,0.3333302720187013,0.3283931944483991,0.333183889664499,0.3333302720187013
0.344082137977748,0.3336876138433461,0.3333411297047155,0.3279588842357767,0.3331561431846212,0.3333293851499911,0.3279588842357767,0.3331561431846212,0.3333293851499911
0.3449459466320959,0.3337475983337498,0.3333432135332082,0.3275269801677453,0.3331261509574147,0.3333283432363698,0.3275269801677453,0.3331261509574147,0.3333283432363698
0.3458049696552041,0.3338120228510875,0.3333456304744318,0.327097468913898,0.3330939387180731,0.3333271347664831,0.327097468913898,0.3330939387180731,0.3333271347664831
0.3466592335601971,0.3338808363573901,0.3333484031396062,0.3266703372176807,0.3330595319855659,0.3333257484347277,0.3266703372176807,0.3330595319855659,0.3333257484347277
0.3475087647133124,0.3339539882439256,0.3333515537331155,0.3262455718959823,0.3330229560642437,0.3333241731389182,0.3262455718959823,0.3330229560642437,0.3333241731389182
0.348353589334715,0.3340314283280097,0.3333551040571306,0.3258231598387283,0.3329842360454337,0.3333223979779757,0.3258231598387283,0.3329842360454337,0.3333223979779757
0.3491937334993058,0.3341131068498383,0.3333590755161894,0.3254030880084761,0.332943396809023,0.3333204122496378,0.3254030880084761,0.332943396809023,0.3333204122496378
0.3500292231375271,0.3341989744693423,0.3333634891217337,0.3249853434400123,0.3329004630250312,0.3333182054481897,0.3249853434400123,0.3329004630250312,0.3333182054481897
0.3508600840361623,0.3342889822630639,0.3333683654966038,0.3245699132399529,0.3328554591551728,0.3333157672622176,0.3245699132399529,0.3328554591551728,0.3333157672622176
0.3516863418391323,0.334383081721055,0.3333737248794908,0.3241567845863452,0.3328084094544071,0.3333130875723819,0.3241567845863452,0.3328084094544071,0.3333130875723819
0.3525080220482868,0.3344812247437969,0.3333795871293475,0.323745944728272,0.3327593379724791,0.3333101564492122,0.323745944728272,0.3327593379724791,0.3333101564492122
0.3533251500241912,0.3345833636391414,0.3333859717297571,0.3233373809854582,0.3327082685554485,0.3333069641509228,0.3233373809854582,0.3327082685554485,0.3333069641509228
0.3541377509869096,0.3346894511192738,0.3333928977932618,0.3229310807478792,0.3326552248472085,0.3333035011212483,0.3229310807478792,0.3326552248472085,0.3333035011212483
0.3549458500167833,0.3347994402976963,0.3334003840656493,0.322527031475372,0.3326002302909941,0.3332997579873004,0.322527031475372,0.3326002302909941,0.3332997579873004
0.3557494720552045,0.3349132846862323,0.3334084489302009,0.322125220697248,0.3325433081308793,0.3332957255574441,0.322125220697248,0.3325433081308793,0.3332957255574441
0.3565486419053862,0.3350309381920529,0.3334171104118971,0.321725636011908,0.3324844814132651,0.3332913948191944,0.321725636011908,0.3324844814132651,0.3332913948191944
0.357343384233128,0.3351523551147225,0.3334263861815858,0.3213282650864597,0.3324237729883553,0.3332867569371328,0.3213282650864597,0.3324237729883553,0.3332867569371328
0.3581337235675772,0.3352774901432659,0.3334362935601092,0.3209330956563369,0.3323612055116242,0.3332818032508433,0.3209330956563369,0.3323612055116242,0.3332818032508433
0.358919684301986,0.3354062983532555,0.333446849522393,0.3205401155249207,0.3322968014452718,0.3332765252728682,0.3205401155249207,0.3322968014452718,0.3332765252728682
0.3597012906944639,0.3355387352039193,0.333458070701496,0.3201493125631636,0.332230583059671,0.333270914686683,0.3201493125631636,0.332230583059671,0.333270914686683
0.3604785668687272,0.3356747565352687,0.3334699733926219,0.3197606747092148,0.3321625724348027,0.3332649633446909,0.3197606747092148,0.3321625724348027,0.3332649633446909
0.361251536814843,0.3358143185652461,0.3334825735570925,0.3193741899680478,0.3320927914616826,0.3332586632662356,0.3193741899680478,0.3320927914616826,0.3332586632662356
0.3620202243899696,0.3359573778868929,0.3334958868262837,0.3189898464110907,0.3320212618437769,0.333252006635634,0.3189898464110907,0.3320212618437769,0.333252006635634
0.3627846533190933,0.3361038914655374,0.3335099285055234,0.3186076321758575,0.3319480050984088,0.3332449858002267,0.3186076321758575,0.3319480050984088,0.3332449858002267
0.3635448471957603,0.3362538166360016,0.3335247135779529,0.3182275354655821,0.3318730425581543,0.3332375932684474,0.3182275354655821,0.3318730425581543,0.3332375932684474
0.3643008294828048,0.336407111099828,0.333540256708351,0.3178495445488545,0.3317963953722294,0.3332298217079113,0.3178495445488545,0.3317963953722294,0.3332298217079113
0.3650526235130735,0.3365637329225261,0.3335565722469219,0.3174736477592583,0.3317180845078669,0.3332216639435205,0.3174736477592583,0.3317180845078669,0.3332216639435205
0.3658002524901455,0.3367236405308376,0.3335736742330471,0.3170998334950109,0.3316381307516834,0.3332131129555885,0.3170998334950109,0.3316381307516834,0.3332131129555885
0.3665437394890487,0.336886792710021,0.3335915763990008,0.3167280902186054,0.3315565547110373,0.3332041618779823,0.3167280902186054,0.3315565547110373,0.3332041618779823
0.3672831074569716,0.337053148601155,0.33361029217363,0.3163584064564543,0.3314733768153771,0.3331948039962824,0.3163584064564543,0.3314733768153771,0.3331948039962824
0.3680183792139719,0.3372226676984612,0.3336298346859997,0.3159907707985356,0.3313886173175797,0.3331850327459603,0.3159907707985356,0.3313886173175797,0.3331850327459603
0.3687495774536808,0.3373953098466448,0.3336502167690029,0.3156251718980406,0.3313022962952805,0.3331748417105733,0.3156251718980406,0.3313022962952805,0.3331748417105733
0.3694767247440031,0.3375710352382551,0.3336714509629353,0.3152615984710236,0.331214433652193,0.3331642246199774,0.3152615984710236,0.331214433652193,0.3331642246199774
0.3701998435278143,0.337749804411063,0.3336935495190368,0.3149000392960536,0.3311250491194198,0.3331531753485562,0.3149000392960536,0.3311250491194198,0.3331531753485562
0.3709189561236527,0.3379315782454583,0.3337165244029979,0.3145404832138681,0.3310341622567542,0.3331416879134681,0.3145404832138681,0.3310341622567542,0.3331416879134681
0.3716340847264085,0.3381163179618641,0.3337403872984326,0.3141829191270287,0.3309417924539733,0.3331297564729096,0.3141829191270287,0.3309417924539733,0.3331297564729096
0.3723452514080091,0.3383039851181702,0.3337651496103182,0.3138273359995784,0.3308479589321203,0.3331173753243955,0.3138273359995784,0.3308479589321203,0.3331173753243955
0.3730524781180998,0.3384945416071841,0.3337908224684012,0.3134737228567011,0.3307526807447803,0.3331045389030559,0.3134737228567011,0.3307526807447803,0.3331045389030559
0.3737557866847216,0.3386879496540995,0.3338174167305708,0.3131220687843826,0.330655976779345,0.3330912417799493,0.3131220687843826,0.330655976779345,0.3330912417799493
0.374455198814985,0.3388841718139838,0.3338449429861994,0.3127723629290746,0.3305578657582695,0.3330774786603928,0.3127723629290746,0.3305578657582695,0.3330774786603928
0.3751507360957394,0.3390831709692815,0.333873411559451,0.3124245944973585,0.3304583662403204,0.3330632443823076,0.3124245944973585,0.3304583662403204,0.3330632443823076
0.3758424199942403,0.3392849103273368,0.3339028325125573,0.3120787527556132,0.3303574966218145,0.3330485339145808,0.3120787527556132,0.3303574966218145,0.3330485339145808
0.3765302718588109,0.3394893534179326,0.3339332156490615,0.3117348270296834,0.3302552751378495,0.3330333423554436,0.3117348270296834,0.3302552751378495,0.3330333423554436
0.3772143129195017,0.339696464090847,0.333964570517032,0.3113928067045503,0.3301517198635255,0.3330176649308648,0.3113928067045503,0.3301517198635255,0.3330176649308648
0.3778945642887455,0.339906206513427,0.3339969064122431,0.3110526812240038,0.3300468487151582,0.3330014969929601,0.3110526812240038,0.3300468487151582,0.3330014969929601
0.3785710469620087,0.3401185451681797,0.3340302323813257,0.3107144400903169,0.3299406794514835,0.3329848340184166,0.3107144400903169,0.3299406794514835,0.3329848340184166
0.3792437818184401,0.3403334448503795,0.3340645572248871,0.3103780728639216,0.3298332296748535,0.3329676716069333,0.3103780728639216,0.3298332296748535,0.3329676716069333
0.3799127896215145,0.3405508706656931,0.3340998895005999,0.3100435691630867,0.3297245168324244,0.3329500054796766,0.3100435691630867,0.3297245168324244,0.3329500054796766
0.3805780910196739,0.3407707880278208,0.3341362375262611,0.3097109186635974,0.3296145582173357,0.3329318314777504,0.3097109186635974,0.3296145582173357,0.3329318314777504
0.381239706546965,0.3409931626561541,0.3341736093828215,0.3093801110984364,0.3295033709698814,0.3329131455606818,0.3093801110984364,0.3295033709698814,0.3329131455606818
0.3818976566236727,0.3412179605734503,0.3342120129173841,0.3090511362574676,0.3293909720786726,0.3328939438049215,0.3090511362574676,0.3293909720786726,0.3328939438049215
0.3825519615569502,0.3414451481035236,0.3342514557461749,0.3087239839871203,0.3292773783817923,0.332874222402359,0.3087239839871203,0.3292773783817923,0.332874222402359
0.3832026415414462,0.3416746918689514,0.3342919452574827,0.3083986441900762,0.3291626065679414,0.3328539776588519,0.3083986441900762,0.3291626065679414,0.3328539776588519
0.383849716659928,0.3419065587887984,0.3343334886145716,0.3080751068249578,0.329046673177578,0.3328332059927706,0.3080751068249578,0.329046673177578,0.3328332059927706
0.3844932068839012,0.3421407160763555,0.3343760927585631,0.3077533619060183,0.3289295946040466,0.3328119039335561,0.3077533619060183,0.3289295946040466,0.3328119039335561
0.3851331320742262,0.3423771312368948,0.3344197644112912,0.3074333995028333,0.3288113870947014,0.3327900681202935,0.3074333995028333,0.3288113870947014,0.3327900681202935
0.3857695119817314,0.3426157720654413,0.3344645100781289,0.3071152097399946,0.3286920667520204,0.3327676953002984,0.3071152097399946,0.3286920667520204,0.3327676953002984
0.3864023662478224,0.3428566066445591,0.3345103360507858,0.3067987827968054,0.3285716495347119,0.3327447823277177,0.3067987827968054,0.3285716495347119,0.3327447823277177
0.3870317144050885,0.3430996033421543,0.3345572484100795,0.3064841089069767,0.3284501512588133,0.3327213261621446,0.3064841089069767,0.3284501512588133,0.3327213261621446
0.3876575758779056,0.3433447308092927,0.3346052530286783,0.3061711783583266,0.3283275875987823,0.3326973238672465,0.3061711783583266,0.3283275875987823,0.3326973238672465
0.3882799699830354,0.3435919579780333,0.3346543555738173,0.3058599814924799,0.3282039740885802,0.3326727726094078,0.3058599814924799,0.3282039740885802,0.3326727726094078
0.388898915930222,0.3438412540592772,0.3347045615099873,0.3055505087045704,0.328079326122747,0.3326476696563846,0.3055505087045704,0.328079326122747,0.3326476696563846
0.3895144328227844,0.344092588540631,0.3347558761015967,0.3052427504429442,0.3279536589574704,0.3326220123759742,0.3052427504429442,0.3279536589574704,0.3326220123759742
0.3901265396582065,0.3443459311842866,0.3348083044156076,0.3049366972088652,0.3278269877116454,0.3325957982346973,0.3049366972088652,0.3278269877116454,0.3325957982346973
0.3907352553287231,0.3446012520249144,0.3348618513241445,0.3046323395562216,0.3276993273679277,0.3325690247964929,0.3046323395562216,0.3276993273679277,0.3325690247964929
0.3913405986219033,0.3448585213675729,0.3349165215070778,0.3043296680912345,0.3275706927737793,0.3325416897214273,0.3043296680912345,0.3275706927737793,0.3325416897214273
0.3919425882212301,0.3451177097856322,0.3349723194545812,0.3040286734721679,0.3274410986425061,0.332513790764415,0.3040286734721679,0.3274410986425061,0.332513790764415
0.3925412427066772,0.3453787881187125,0.3350292494696632,0.3037293464090406,0.3273105595542894,0.332485325773953,0.3037293464090406,0.3273105595542894,0.332485325773953
0.3931365805552823,0.345641727470637,0.3350873156706737,0.3034316776633394,0.327179089957209,0.3324562926908676,0.3034316776633394,0.327179089957209,0.3324562926908676
0.3937286201417178,0.3459064992073997,0.3351465219937849,0.3031356580477335,0.3270467041682591,0.3324266895470739,0.3031356580477335,0.3270467041682591,0.3324266895470739
0.3943173797388574,0.3461730749551475,0.3352068721954472,0.3028412784257915,0.3269134163743579,0.3323965144643478,0.3028412784257915,0.3269134163743579,0.3323965144643478
0.3949028775183402,0.3464414265981759,0.3352683698548213,0.3025485297116994,0.3267792406333492,0.33236576565311,0.3025485297116994,0.3267792406333492,0.33236576565311
0.395485131551132,0.3467115262769404,0.3353310183761845,0.3022574028699797,0.3266441908749969,0.332334441411223,0.3022574028699797,0.3266441908749969,0.332334441411223
0.3960641598080824,0.3469833463860803,0.3353948209913134,0.3019678889152129,0.3265082809019729,0.3323025401227993,0.3019678889152129,0.3265082809019729,0.3323025401227993
0.3966399801604797,0.3472568595724579,0.3354597807618426,0.3016799789117603,0.3263715243908381,0.3322700602570225,0.3016799789117603,0.3263715243908381,0.3322700602570225
0.397212610380603,0.3475320387332108,0.3355259005815989,0.3013936639734877,0.3262339348930153,0.3322370003669803,0.3013936639734877,0.3262339348930153,0.3322370003669803
0.3977820681422699,0.3478088570138187,0.3355931831789123,0.3011089352634916,0.3260955258357568,0.3322033590885084,0.3011089352634916,0.3260955258357568,0.3322033590885084
0.3983483710213823,0.348087287806183,0.3356616311189036,0.3008257839938262,0.3259563105231039,0.3321691351390471,0.3008257839938262,0.3259563105231039,0.3321691351390471
0.3989115364964692,0.3483673047467213,0.3357312468057482,0.3005442014252324,0.3258163021368399,0.3321343273165095,0.3005442014252324,0.3258163021368399,0.3321343273165095
0.3994715819492257,0.3486488817144741,0.3358020324849174,0.3002641788668677,0.3256755137374366,0.3320989344981606,0.3002641788668677,0.3256755137374366,0.3320989344981606
0.4000285246650498,0.348931992829226,0.3358739902453965,0.2999857076760384,0.3255339582649939,0.3320629556395083,0.2999857076760384,0.3255339582649939,0.3320629556395083
0.4005823818335758,0.3492166124496403,0.3359471220218805,0.2997087792579325,0.3253916485401727,0.3320263897732059,0.2997087792579325,0.3253916485401727,0.3320263897732059
0.4011331705492046,0.3495027151714056,0.3360214295969467,0.2994333850653548,0.3252485972651208,0.3319892360079651,0.2994333850653548,0.3252485972651208,0.3319892360079651
0.4016809078116316,0.3497902758253973,0.3360969146032061,0.2991595165984624,0.3251048170243931,0.3319514935274809,0.2991595165984624,0.3251048170243931,0.3319514935274809
0.4022256105263713,0.3500792694758509,0.3361735785254319,0.2988871654045033,0.3249603202858644,0.3319131615893671,0.2988871654045033,0.3249603202858644,0.3319131615893671
0.4027672955052793,0.3503696714185492,0.3362514227026663,0.2986163230775547,0.3248151194016358,0.3318742395241032,0.2986163230775547,0.3248151194016358,0.3318742395241032
0.4033059794670708,0.3506614571790219,0.3363304483303055,0.2983469812582641,0.3246692266089352,0.3318347267339913,0.2983469812582641,0.3246692266089352,0.3318347267339913
0.4038416790378366,0.3509546025107578,0.3364106564621639,0.2980791316335911,0.3245226540310108,0.3317946226921245,0.2980791316335911,0.3245226540310108,0.3317946226921245
0.4043744107515567,0.351249083393431,0.336492048012516,0.2978127659365505,0.3243754136780185,0.3317539269413659,0.2978127659365505,0.3243754136780185,0.3317539269413659
0.4049041910506102,0.351544876031138,0.3365746237581181,0.2975478759459579,0.3242275174479027,0.3317126390933376,0.2975478759459579,0.3242275174479027,0.3317126390933376
0.4054310362862829,0.351841956850649,0.3366583843402081,0.297284453486175,0.3240789771272715,0.3316707588274208,0.297284453486175,0.3240789771272715,0.3316707588274208
0.4059549627192721,0.3521403024996704,0.3367433302664858,0.2970224904268584,0.3239298043922645,0.3316282858897657,0.2970224904268584,0.3239298043922645,0.3316282858897657
0.4064759865201883,0.3524398898451208,0.3368294619130713,0.2967619786827073,0.3237800108094155,0.3315852200923124,0.2967619786827073,0.3237800108094155,0.3315852200923124
0.4069941237700545,0.3527406959714185,0.3369167795264443,0.2965029102132154,0.3236296078365085,0.3315415613118212,0.2965029102132154,0.3236296078365085,0.3315415613118212
0.407509390460802,0.3530426981787818,0.3370052832253619,0.2962452770224216,0.3234786068234275,0.3314973094889135,0.2962452770224216,0.3234786068234275,0.3314973094889135
0.4080218024957649,0.3533458739815409,0.3370949730027577,0.2959890711586637,0.3233270190130006,0.3314524646271226,0.2959890711586637,0.3233270190130006,0.3314524646271226
0.4085313756901699,0.3536502011064625,0.3371858487276202,0.2957342847143332,0.3231748555418379,0.3314070267919541,0.2957342847143332,0.3231748555418379,0.3314070267919541
0.4090381257716253,0.353955657491086,0.3372779101468518,0.2954809098256305,0.3230221274411631,0.3313609961099567,0.2954809098256305,0.3230221274411631,0.3313609961099567
0.409542068380606,0.3542622212820718,0.3373711568871081,0.2952289386723229,0.3228688456376393,0.3313143727678025,0.2952289386723229,0.3228688456376393,0.3313143727678025
0.4100432190709361,0.354569870833561,0.3374655884566184,0.2949783634775031,0.3227150209541896,0.3312671570113768,0.2949783634775031,0.3227150209541896,0.3312671570113768
0.4105415933102693,0.3548785847055477,0.3375612042469869,0.2947291765073486,0.3225606641108104,0.3312193491448773,0.2947291765073486,0.3225606641108104,0.3312193491448773
0.4110372064805663,0.3551883416622622,0.337658003534974,0.2944813700708841,0.3224057857253802,0.3311709495299235,0.2944813700708841,0.3224057857253802,0.3311709495299235
0.411530073878569,0.355499120670566,0.3377559854842607,0.2942349365197429,0.322250396314462,0.3311219585846747,0.2942349365197429,0.322250396314462,0.3311219585846747
0.4120202107162734,0.3558109008983585,0.3378551491471922,0.2939898682479318,0.3220945062940998,0.3310723767829581,0.2939898682479318,0.3220945062940998,0.3310723767829581
0.4125076321213986,0.356123661712995,0.3379554934665048,0.2937461576915956,0.3219381259806098,0.331022204653405,0.2937461576915956,0.3219381259806098,0.331022204653405
0.4129923531378537,0.356437382679716,0.3380570172770337,0.2935037973287843,0.3217812655913656,0.3309714427785977,0.2935037973287843,0.3217812655913656,0.3309714427785977
0.4134743887262024,0.3567520435600881,0.3381597193074026,0.2932627796792207,0.3216239352455778,0.3309200917942238,0.2932627796792207,0.3216239352455778,0.3309200917942238
0.4139537537641246,0.3570676243104555,0.3382635981816955,0.293023097304069,0.3214661449650683,0.330868152388241,0.293023097304069,0.3214661449650683,0.330868152388241
0.4144304630468757,0.3573841050804032,0.3383686524211109,0.2927847428057063,0.3213079046750386,0.3308156253000496,0.2927847428057063,0.3213079046750386,0.3308156253000496
0.4149045312877429,0.3577014662112311,0.3384748804455979,0.2925477088274931,0.321149224204833,0.3307625113196745,0.2925477088274931,0.321149224204833,0.3307625113196745
0.4153759731184996,0.3580196882344387,0.3385822805754753,0.2923119880535473,0.3209901132886958,0.3307088112869558,0.2923119880535473,0.3209901132886958,0.3307088112869558
0.4158448030898571,0.3583387518702215,0.3386908510330329,0.2920775732085175,0.3208305815665234,0.3306545260907481,0.2920775732085175,0.3208305815665234,0.3306545260907481
0.4163110356719134,0.3586586380259772,0.3388005899441162,0.2918444570573591,0.3206706385846114,0.3305996566681282,0.2918444570573591,0.3206706385846114,0.3305996566681282
0.4167746852546,0.3589793277948237,0.3389114953396931,0.2916126324051106,0.3205102937963951,0.3305442040036113,0.2916126324051106,0.3205102937963951,0.3305442040036113
0.4172357661481262,0.3593008024541271,0.3390235651574052,0.2913820920966718,0.3203495565631858,0.3304881691283763,0.2913820920966718,0.3203495565631858,0.3304881691283763
0.4176942925834202,0.3596230434640402,0.3391367972431009,0.2911528290165827,0.3201884361549014,0.330431553119498,0.2911528290165827,0.3201884361549014,0.330431553119498
0.4181502787125689,0.3599460324660523,0.3392511893523528,0.2909248360888042,0.320026941750792,0.3303743570991897,0.2909248360888042,0.320026941750792,0.3303743570991897
0.4186037386092545,0.3602697512815488,0.3393667391519584,0.2906981062764993,0.3198650824401595,0.3303165822340518,0.2906981062764993,0.3198650824401595,0.3303165822340518
0.4190546862691888,0.360594181910381,0.339483444221425,0.2904726325818164,0.3197028672230726,0.3302582297343301,0.2904726325818164,0.3197028672230726,0.3302582297343301
0.4195031356105453,0.3609193065294472,0.3396013020544374,0.290248408045673,0.3195403050110768,0.3301993008531812,0.290248408045673,0.3195403050110768,0.3301993008531812
0.4199491004743885,0.3612451074912833,0.3397203100603109,0.2900254257475408,0.319377404627899,0.3301397968859469,0.2900254257475408,0.319377404627899,0.3301397968859469
0.4203925946251016,0.3615715673226635,0.3398404655654278,0.2898036788052325,0.3192141748101469,0.3300797191694351,0.2898036788052325,0.3192141748101469,0.3300797191694351
0.4208336317508108,0.3618986687232114,0.3399617658146579,0.289583160374689,0.3190506242080033,0.33001906908121,0.289583160374689,0.3190506242080033,0.33001906908121
0.4212722254638082,0.3622263945640212,0.3400842079727646,0.2893638636497684,0.3188867613859162,0.3299578480388894,0.2893638636497684,0.3188867613859162,0.3299578480388894
0.4217083893009714,0.3625547278862888,0.340207789125794,0.2891457818620359,0.3187225948232823,0.329896057499449,0.2891457818620359,0.3187225948232823,0.329896057499449
0.422142136724182,0.3628836518999526,0.3403325062824504,0.2889289082805548,0.3185581329151276,0.3298336989585359,0.2889289082805548,0.3185581329151276,0.3298336989585359
0.4225734811207406,0.3632131499823445,0.3404583563754555,0.2887132362116788,0.3183933839727811,0.3297707739497884,0.2887132362116788,0.3183933839727811,0.3297707739497884
0.4230024358037801,0.3635432056768502,0.3405853362628931,0.2884987589988454,0.3182283562245449,0.3297072840441636,0.2884987589988454,0.3182283562245449,0.3297072840441636
0.4234290140126765,0.3638738026915797,0.3407134427295389,0.2882854700223706,0.3180630578163592,0.3296432308492726,0.2882854700223706,0.3180630578163592,0.3296432308492726
0.4238532289134578,0.3642049248980472,0.3408426724881755,0.2880733626992444,0.3178974968124621,0.3295786160087232,0.2880733626992444,0.3178974968124621,0.3295786160087232
0.4242750935992102,0.3645365563298604,0.3409730221808929,0.2878624304829276,0.3177316811960449,0.3295134412014694,0.2878624304829276,0.3177316811960449,0.3295134412014694
0.4246946210904822,0.3648686811814199,0.3411044883803749,0.2876526668631498,0.3175656188699026,0.3294477081411683,0.2876526668631498,0.3175656188699026,0.3294477081411683
0.4251118243356865,0.3652012838066269,0.3412370675911702,0.2874440653657087,0.3173993176570798,0.3293814185755444,0.2874440653657087,0.3173993176570798,0.3293814185755444
0.4255267162114995,0.3655343487176019,0.3413707562509506,0.2872366195522697,0.3172327853015118,0.3293145742857608,0.2872366195522697,0.3172327853015118,0.3293145742857608
0.425939309523259,0.3658678605834111,0.3415055507317541,0.287030323020168,0.3170660294686607,0.3292471770857974,0.287030323020168,0.3170660294686607,0.3292471770857974
0.4263496170053592,0.3662018042288031,0.3416414473412148,0.2868251694022101,0.3168990577461478,0.3291792288218361,0.2868251694022101,0.3168990577461478,0.3291792288218361
0.4267576513216438,0.3665361646329545,0.3417784423237785,0.2866211523664781,0.3167318776443802,0.3291107313716527,0.2866211523664781,0.3167318776443802,0.3291107313716527
0.427163425065797,0.3668709269282243,0.3419165318619051,0.2864182656161335,0.316564496597174,0.3290416866440162,0.2864182656161335,0.316564496597174,0.3290416866440162
0.427566950761732,0.3672060763989178,0.3420557120772571,0.2862165028892237,0.3163969219623721,0.3289720965780943,0.2862165028892237,0.3163969219623721,0.3289720965780943
0.4279682408639776,0.3675415984800595,0.3421959790318749,0.2860158579584879,0.3162291610224578,0.3289019631428655,0.2860158579584879,0.3162291610224578,0.3289019631428655
0.4283673077580626,0.3678774787561744,0.3423373287293386,0.2858163246311655,0.3160612209851645,0.3288312883365385,0.2858163246311655,0.3160612209851645,0.3288312883365385
0.4287641637608983,0.3682137029600786,0.3424797571159169,0.2856178967488044,0.3158931089840796,0.3287600741859779,0.2856178967488044,0.3158931089840796,0.3287600741859779
0.4291588211211581,0.368550256971679,0.3426232600817027,0.2854205681870717,0.3157248320792456,0.3286883227461359,0.2854205681870717,0.3157248320792456,0.3286883227461359
0.429551292019656,0.3688871268167811,0.3427678334617363,0.285224332855564,0.3155563972577555,0.3286160360994911,0.285224332855564,0.3155563972577555,0.3286160360994911
0.4299415885697227,0.3692242986659057,0.3429134730371148,0.2850291846976196,0.3153878114343447,0.3285432163554937,0.2850291846976196,0.3153878114343447,0.3285432163554937
0.4303297228175788,0.3695617588331147,0.3430601745360899,0.2848351176901318,0.3152190814519783,0.3284698656500166,0.2848351176901318,0.3152190814519783,0.3284698656500166
0.4307157067427073,0.3698994937748444,0.3432079336351527,0.2846421258433627,0.3150502140824339,0.3283959861448129,0.2846421258433627,0.3150502140824339,0.3283959861448129
0.431099552258223,0.3702374900887491,0.3433567459601057,0.2844502032007585,0.3148812160268804,0.3283215800269801,0.2844502032007585,0.3148812160268804,0.3283215800269801
0.4314812712112401,0.370575734512551,0.3435066070871231,0.2842593438387656,0.3147120939164528,0.3282466495084297,0.2842593438387656,0.3147120939164528,0.3282466495084297
0.431860875383238,0.3709142139229001,0.3436575125437982,0.2840695418666478,0.314542854312822,0.3281711968253638,0.2840695418666478,0.314542854312822,0.3281711968253638
0.4322383764904252,0.3712529153342419,0.3438094578101796,0.2838807914263046,0.3143735037087615,0.3280952242377567,0.2838807914263046,0.3143735037087615,0.3280952242377567
0.4326137861841002,0.3715918258976931,0.3439624383197946,0.2836930866920899,0.3142040485287091,0.3280187340288433,0.2836930866920899,0.3142040485287091,0.3280187340288433
0.4329871160510118,0.3719309328999262,0.3441164494606609,0.283506421870633,0.3140344951293246,0.3279417285046135,0.283506421870633,0.3140344951293246,0.3279417285046135
0.4333583776137165,0.3722702237620614,0.344271486576287,0.2833207912006591,0.3138648498000443,0.3278642099933116,0.2833207912006591,0.3138648498000443,0.3278642099933116
0.4337275823309338,0.3726096860385677,0.3444275449666602,0.2831361889528118,0.3136951187636298,0.3277861808449425,0.2831361889528118,0.3136951187636298,0.3277861808449425
0.4340947415979005,0.3729493074161708,0.3445846198892238,0.2829526094294763,0.3135253081767146,0.3277076434307832,0.2829526094294763,0.3135253081767146,0.3277076434307832
0.4344598667467218,0.3732890757127702,0.3447427065598422,0.2827700469646031,0.3133554241303453,0.3276286001429,0.2827700469646031,0.3133554241303453,0.3276286001429
0.4348229690467214,0.3736289788763633,0.3449018001537555,0.282588495923534,0.3131854726505198,0.3275490533936714,0.282588495923534,0.3131854726505198,0.3275490533936714
0.4351840597047892,0.3739690049839778,0.3450618958065216,0.2824079507028272,0.3130154596987203,0.3274690056153171,0.2824079507028272,0.3130154596987203,0.3274690056153171
0.4355431498657274,0.3743091422406123,0.3452229886149486,0.2822284057300852,0.3128453911724442,0.3273884592594314,0.2822284057300852,0.3128453911724442,0.3273884592594314
0.435900250612594,0.374649378978184,0.3453850736380153,0.2820498554637821,0.3126752729057294,0.3273074167965235,0.2820498554637821,0.3126752729057294,0.3273074167965235
0.4362553729670455,0.3749897036544843,0.3455481458977811,0.281872294393093,0.3125051106696766,0.3272258807155623,0.281872294393093,0.3125051106696766,0.3272258807155623
0.4366085278896764,0.3753301048521425,0.3457122003802848,0.281695717037724,0.3123349101729678,0.3271438535235268,0.281695717037724,0.3123349101729678,0.3271438535235268
0.4369597262803582,0.3756705712775968,0.3458772320364332,0.2815201179477426,0.3121646770623806,0.327061337744962,0.2815201179477426,0.3121646770623806,0.327061337744962
0.4373089789785751,0.3760110917600727,0.3460432357828787,0.2813454917034099,0.3119944169232988,0.3269783359215404,0.2813454917034099,0.3119944169232988,0.3269783359215404
0.4376562967637593,0.3763516552505691,0.3462102065028864,0.2811718329150132,0.3118241352802196,0.3268948506116277,0.2811718329150132,0.3118241352802196,0.3268948506116277
0.4380016903556229,0.3766922508208523,0.3463781390471914,0.2809991362226994,0.3116538375972566,0.326810884389855,0.2809991362226994,0.3116538375972566,0.326810884389855
0.4383451704144895,0.3770328676624565,0.3465470282348446,0.2808273962963101,0.3114835292786396,0.3267264398466952,0.2808273962963101,0.3114835292786396,0.3267264398466952
0.4386867475416227,0.3773734950856923,0.3467168688540495,0.2806566078352166,0.3113132156692099,0.3266415195880449,0.2806566078352166,0.3113132156692099,0.3266415195880449
0.4390264322795535,0.3777141225186627,0.3468876556629883,0.2804867655681566,0.311142902054913,0.3265561262348116,0.2804867655681566,0.311142902054913,0.3265561262348116
0.4393642351124058,0.3780547395062853,0.3470593833906381,0.2803178642530713,0.3109725936632867,0.3264702624225049,0.2803178642530713,0.3109725936632867,0.3264702624225049
0.4397001664662197,0.3783953357093232,0.3472320467375773,0.2801498986769437,0.3108022956639466,0.3263839308008343,0.2801498986769437,0.3108022956639466,0.3263839308008343
0.4400342367092737,0.3787359009034221,0.3474056403767816,0.2799828636556378,0.3106320131690667,0.3262971340333102,0.2799828636556378,0.3106320131690667,0.3262971340333102
0.4403664561524041,0.3790764249781543,0.3475801589544114,0.2798167540337384,0.3104617512338578,0.3262098747968509,0.2798167540337384,0.3104617512338578,0.3262098747968509
0.4406968350493238,0.3794168979360706,0.3477555970905882,0.2796515646843922,0.3102915148570415,0.3261221557813939,0.2796515646843922,0.3102915148570415,0.3261221557813939
0.4410253835969386,0.3797573098917588,0.347931949380163,0.2794872905091493,0.310121308981321,0.3260339796895122,0.2794872905091493,0.310121308981321,0.3260339796895122
0.4413521119356619,0.3800976510709089,0.3481092103934736,0.2793239264378062,0.3099511384938483,0.3259453492360352,0.2793239264378062,0.3099511384938483,0.3259453492360352
0.4416770301497275,0.3804379118093854,0.3482873746770937,0.2791614674282488,0.3097810082266882,0.3258562671476745,0.2791614674282488,0.3097810082266882,0.3258562671476745
0.4420001482675013,0.3807780825523071,0.3484664367545725,0.2789999084662974,0.3096109229572785,0.3257667361626537,0.2789999084662974,0.3096109229572785,0.3257667361626537
0.4423214762617902,0.3811181538531324,0.3486463911271647,0.2788392445655513,0.3094408874088873,0.3256767590303438,0.2788392445655513,0.3094408874088873,0.3256767590303438
0.4426410240501505,0.3814581163727528,0.3488272322745523,0.2786794707672354,0.3092709062510658,0.3255863385109024,0.2786794707672354,0.3092709062510658,0.3255863385109024
0.4429588014951937,0.3817979608785921,0.3490089546555559,0.2785205821400471,0.3091009841000995,0.3254954773749172,0.2785205821400471,0.3091009841000995,0.3254954773749172
0.4432748184048906,0.3821376782437126,0.3491915527088389,0.2783625737800037,0.3089311255194544,0.3254041784030551,0.2783625737800037,0.3089311255194544,0.3254041784030551
0.4435890845328749,0.3824772594459282,0.3493750208536014,0.2782054408102914,0.308761335020221,0.3253124443857143,0.2782054408102914,0.308761335020221,0.3253124443857143
0.4439016095787432,0.3828166955669235,0.3495593534902661,0.2780491783811147,0.3085916170615541,0.3252202781226818,0.2780491783811147,0.3085916170615541,0.3252202781226818
0.4442124031883551,0.3831559777913804,0.3497445450011554,0.2778937816695468,0.3084219760511103,0.3251276824227946,0.2778937816695468,0.3084219760511103,0.3251276824227946
0.4445214749541307,0.38349509740611,0.3499305897511599,0.2777392458793805,0.3082524163454814,0.3250346601036058,0.2777392458793805,0.3082524163454814,0.3250346601036058
0.4448288344153465,0.3838340457991916,0.3501174820883981,0.2775855662409805,0.308082942250625,0.3249412139910544,0.2775855662409805,0.308082942250625,0.3249412139910544
0.4451344910584301,0.3841728144591186,0.3503052163448686,0.2774327380111357,0.3079135580222921,0.3248473469191394,0.2774327380111357,0.3079135580222921,0.3248473469191394
0.4454384543172527,0.3845113949739496,0.3504937868370928,0.2772807564729133,0.3077442678664508,0.3247530617295984,0.2772807564729133,0.3077442678664508,0.3247530617295984
0.4457407335734205,0.3848497790304668,0.3506831878667501,0.2771296169355132,0.3075750759397074,0.3246583612715901,0.2771296169355132,0.3075750759397074,0.3246583612715901
0.4460413381565642,0.38518795841334,0.3508734137213048,0.2769793147341227,0.3074059863497246,0.3245632484013805,0.2769793147341227,0.3074059863497246,0.3245632484013805
0.4463402773446268,0.3855259250042974,0.3510644586746248,0.2768298452297732,0.3072370031556358,0.3244677259820339,0.2768298452297732,0.3072370031556358,0.3244677259820339
0.4466375603641503,0.3858636707813023,0.3512563169875925,0.2766812038091963,0.3070681303684571,0.3243717968831076,0.2766812038091963,0.3070681303684571,0.3243717968831076
0.44693319639056,0.3862011878177358,0.3514489829087074,0.2765333858846822,0.3068993719514955,0.3242754639803499,0.2765333858846822,0.3068993719514955,0.3242754639803499
0.4472271945484483,0.3865384682815858,0.3516424506746813,0.2763863868939375,0.3067307318207546,0.3241787301554033,0.2763863868939375,0.3067307318207546,0.3241787301554033
0.4475195639118555,0.3868755044346422,0.3518367145110252,0.2762402022999446,0.3065622138453372,0.3240815982955105,0.2762402022999446,0.3065622138453372,0.3240815982955105
0.4478103135045509,0.3872122886316978,0.3520317686326291,0.2760948275908218,0.3063938218478446,0.3239840712932248,0.2760948275908218,0.3063938218478446,0.3239840712932248
0.4480994523003101,0.3875488133197552,0.3522276072443341,0.2759502582796838,0.3062255596047733,0.3238861520461239,0.2759502582796838,0.3062255596047733,0.3238861520461239
0.4483869892231932,0.3878850710372399,0.3524242245414961,0.2758064899045033,0.3060574308469082,0.3237878434565281,0.2758064899045033,0.3060574308469082,0.3237878434565281
0.4486729331478194,0.3882210544132192,0.352621614710543,0.2756635180279734,0.3058894392597136,0.3236891484312216,0.2756635180279734,0.3058894392597136,0.3236891484312216
0.448957292899641,0.3885567561666268,0.3528197719295246,0.2755213382373705,0.3057215884837203,0.3235900698811779,0.2755213382373705,0.3057215884837203,0.3235900698811779
0.4492400772552163,0.388892169105493,0.353018690368654,0.2753799461444181,0.3055538821149111,0.3234906107212888,0.2753799461444181,0.3055538821149111,0.3234906107212888
0.4495212949424799,0.3892272861261816,0.3532183641908429,0.2752393373851517,0.3053863237051019,0.3233907738700964,0.2752393373851517,0.3053863237051019,0.3233907738700964
0.4498009546410123,0.3895621002126312,0.3534187875522295,0.2750995076197834,0.3052189167623213,0.3232905622495301,0.2750995076197834,0.3052189167623213,0.3232905622495301
0.450079064982308,0.3898966044356033,0.3536199546026987,0.2749604525325686,0.3050516647511865,0.3231899787846456,0.2749604525325686,0.3050516647511865,0.3231899787846456
0.4503556345500415,0.3902307919519357,0.3538218594863961,0.2748221678316727,0.3048845710932765,0.3230890264033684,0.2748221678316727,0.3048845710932765,0.3230890264033684
0.4506306718803325,0.3905646560038009,0.3540244963422342,0.2746846492490384,0.3047176391675031,0.3229877080362404,0.2746846492490384,0.3047176391675031,0.3229877080362404
0.4509041854620094,0.3908981899179713,0.3542278593043924,0.274547892540254,0.3045508723104781,0.3228860266161702,0.274547892540254,0.3045508723104781,0.3228860266161702
0.4511761837368711,0.3912313871050885,0.3544319425028099,0.2744118934844226,0.3043842738168785,0.3227839850781864,0.2744118934844226,0.3043842738168785,0.3227839850781864
0.4514466750999477,0.3915642410589397,0.3546367400636716,0.2742766478840317,0.3042178469398091,0.3226815863591948,0.2742766478840317,0.3042178469398091,0.3226815863591948
0.4517156678997595,0.3918967453557377,0.3548422461098879,0.2741421515648236,0.3040515948911614,0.3225788333977385,0.2741421515648236,0.3040515948911614,0.3225788333977385
0.4519831704385747,0.392228893653408,0.355048454761567,0.2740084003756668,0.3038855208419707,0.3224757291337615,0.2740084003756668,0.3038855208419707,0.3224757291337615
0.4522491909726659,0.3925606796908803,0.3552553601364818,0.2738753901884273,0.3037196279227704,0.3223722765083757,0.2738753901884273,0.3037196279227704,0.3223722765083757
0.4525137377125643,0.3928920972873856,0.355462956350529,0.2737431168978421,0.3035539192239429,0.3222684784636309,0.2737431168978421,0.3035539192239429,0.3222684784636309
0.4527768188233139,0.3932231403417588,0.3556712375181831,0.2736115764213916,0.3033883977960692,0.3221643379422883,0.2736115764213916,0.3033883977960692,0.3221643379422883
0.453038442424723,0.3935538028317461,0.3558801977529427,0.2734807646991742,0.3032230666502743,0.3220598578875966,0.2734807646991742,0.3032230666502743,0.3220598578875966
0.4532986165916148,0.3938840788133181,0.3560898311677717,0.2733506776937805,0.3030579287585711,0.3219550412430721,0.2733506776937805,0.3030579287585711,0.3219550412430721
0.4535573493540768,0.3942139624199876,0.3563001318755334,0.2732213113901694,0.3028929870542014,0.3218498909522813,0.2732213113901694,0.3028929870542014,0.3218498909522813
0.4538146486977086,0.3945434478621335,0.3565110939894193,0.2730926617955432,0.302728244431974,0.321744409958627,0.2730926617955432,0.302728244431974,0.321744409958627
0.4540705225638685,0.3948725294263283,0.3567227116233705,0.2729647249392254,0.3025637037486011,0.3216386012051367,0.2729647249392254,0.3025637037486011,0.3216386012051367
0.4543249788499183,0.3952012014746722,0.3569349788924945,0.2728374968725374,0.3023993678230307,0.3215324676342549,0.2728374968725374,0.3023993678230307,0.3215324676342549
0.4545780254094673,0.3955294584441315,0.3571478899134747,0.2727109736686769,0.3022352394367782,0.3214260121876381,0.2727109736686769,0.3022352394367782,0.3214260121876381
0.4548296700526145,0.3958572948458817,0.3573614388049755,0.2725851514225966,0.302071321334254,0.3213192378059523,0.2725851514225966,0.302071321334254,0.3213192378059523
0.45507992054619,0.3961847052646565,0.3575756196880396,0.272460026250884,0.3019076162230896,0.3212121474286745,0.272460026250884,0.3019076162230896,0.3212121474286745
0.4553287846139942,0.3965116843581009,0.3577904266864814,0.2723355942916411,0.3017441267744612,0.3211047439938957,0.2723355942916411,0.3017441267744612,0.3211047439938957
0.4555762699370367,0.3968382268561297,0.3580058539272734,0.2722118517043654,0.3015808556234095,0.3209970304381279,0.2722118517043654,0.3015808556234095,0.3209970304381279
0.455822384153773,0.3971643275602907,0.3582218955409273,0.2720887946698315,0.3014178053691592,0.3208890096961134,0.2720887946698315,0.3014178053691592,0.3208890096961134
0.4560671348603405,0.3974899813431324,0.3584385456618697,0.271966419389973,0.3012549785754344,0.3207806847006372,0.271966419389973,0.3012549785754344,0.3207806847006372
0.4563105296107926,0.3978151831475775,0.3586557984288119,0.2718447220877653,0.3010923777707724,0.3206720583823419,0.2718447220877653,0.3010923777707724,0.3206720583823419
0.4565525759173324,0.3981399279862998,0.3588736479851143,0.2717236990071092,0.3009300054488347,0.3205631336695455,0.2717236990071092,0.3009300054488347,0.3205631336695455
0.4567932812505442,0.3984642109411071,0.3590920884791455,0.2716033464127149,0.3007678640687159,0.3204539134880621,0.2716033464127149,0.3007678640687159,0.3204539134880621
0.457032653039624,0.3987880271623279,0.3593111140646356,0.2714836605899866,0.3006059560552503,0.3203444007610247,0.2714836605899866,0.3006059560552503,0.3203444007610247
0.4572706986726089,0.3991113718682035,0.3595307189010247,0.2713646378449078,0.3004442837993159,0.3202345984087115,0.2713646378449078,0.3004442837993159,0.3202345984087115
0.4575074254966053,0.3994342403442839,0.3597508971538056,0.2712462745039276,0.3002828496581362,0.3201245093483746,0.2712462745039276,0.3002828496581362,0.3201245093483746
0.4577428408180155,0.399756627942829,0.3599716429948618,0.2711285669138471,0.3001216559555799,0.3200141364940702,0.2711285669138471,0.3001216559555799,0.3200141364940702
0.4579769519027631,0.4000785300822143,0.3601929506027998,0.2710115114417066,0.2999607049824579,0.3199034827564935,0.2710115114417066,0.2999607049824579,0.3199034827564935
0.4582097659765175,0.4003999422463407,0.3604148141632764,0.2708951044746736,0.2997999989968184,0.3197925510428142,0.2708951044746736,0.2997999989968184,0.3197925510428142
0.4584412902249166,0.4007208599840492,0.3606372278693213,0.2707793424199313,0.2996395402242394,0.3196813442565158,0.2707793424199313,0.2996395402242394,0.3196813442565158
0.4586715317937892,0.4010412789085399,0.3608601859216545,0.2706642217045675,0.2994793308581198,0.3195698652972367,0.2706642217045675,0.2994793308581198,0.3195698652972367
0.4589004977893745,0.4013611946967956,0.3610836825289981,0.2705497387754646,0.2993193730599667,0.3194581170606138,0.2705497387754646,0.2993193730599667,0.3194581170606138
0.4591281952785427,0.4016806030890096,0.3613077119083844,0.2704358900991897,0.2991596689596822,0.3193461024381295,0.2704358900991897,0.2991596689596822,0.3193461024381295
0.4593546312890119,0.4019994998880181,0.3615322682854581,0.2703226721618859,0.299000220655847,0.3192338243169596,0.2703226721618859,0.299000220655847,0.3192338243169596
0.459579812809566,0.4023178809587369,0.3617573458947741,0.2702100814691633,0.2988410302160019,0.3191212855798248,0.2702100814691633,0.2988410302160019,0.3191212855798248
0.4598037467902698,0.402635742227602,0.3619829389800907,0.2700981145459916,0.2986820996769277,0.3190084891048445,0.2700981145459916,0.2986820996769277,0.3190084891048445
0.4600264401426836,0.4029530796820154,0.3622090417946576,0.2699867679365927,0.2985234310449222,0.3188954377653918,0.2699867679365927,0.2985234310449222,0.3188954377653918
0.4602478997400767,0.4032698893697942,0.3624356486015,0.269876038204334,0.2983650262960756,0.3187821344299526,0.269876038204334,0.2983650262960756,0.3187821344299526
0.4604681324176395,0.4035861673986246,0.3626627536736972,0.2697659219316224,0.2982068873765439,0.3186685819619856,0.2697659219316224,0.2982068873765439,0.3186685819619856
0.4606871449726944,0.4039019099355194,0.3628903512946571,0.2696564157197988,0.2980490162028192,0.3185547832197849,0.2696564157197988,0.2980490162028192,0.3185547832197849
0.4609049441649054,0.4042171132062807,0.3631184357583866,0.269547516189033,0.2978914146619995,0.3184407410563455,0.269547516189033,0.2978914146619995,0.3184407410563455
0.4611215367164871,0.4045317734949659,0.3633470013697566,0.2694392199782199,0.297734084612055,0.3183264583192301,0.2694392199782199,0.297734084612055,0.3183264583192301
0.4613369293124121,0.4048458871433579,0.3635760424447634,0.2693315237448752,0.2975770278820931,0.3182119378504391,0.2693315237448752,0.2975770278820931,0.3182119378504391
0.461551128600617,0.4051594505504396,0.3638055533107853,0.2692244241650324,0.2974202462726213,0.3180971824862814,0.2692244241650324,0.2974202462726213,0.3180971824862814
0.4617641411922081,0.4054724601718724,0.3640355283068348,0.2691179179331407,0.2972637415558076,0.3179821950572491,0.2691179179331407,0.2972637415558076,0.3179821950572491
0.4619759736616649,0.4057849125194792,0.3642659617838072,0.269012001761962,0.2971075154757399,0.317866978387893,0.269012001761962,0.2971075154757399,0.317866978387893
0.4621866325470434,0.4060968041607299,0.364496848104724,0.2689066723824704,0.296951569748682,0.3177515352967005,0.2689066723824704,0.296951569748682,0.3177515352967005
0.4623961243501778,0.4064081317182328,0.3647281816449728,0.2688019265437507,0.2967959060633288,0.3176358685959761,0.2688019265437507,0.2967959060633288,0.3176358685959761
0.4626044555368811,0.4067188918692285,0.364959956792543,0.2686977610128984,0.296640526081059,0.3175199810917235,0.2686977610128984,0.296640526081059,0.3175199810917235
0.4628116325371448,0.4070290813450885,0.3651921679482569,0.2685941725749197,0.2964854314361858,0.3174038755835299,0.2685941725749197,0.2964854314361858,0.3174038755835299
0.4630176617453372,0.4073386969308171,0.3654248095259976,0.2684911580326323,0.2963306237362062,0.317287554864452,0.2684911580326323,0.2963306237362062,0.317287554864452
0.4632225495204007,0.4076477354645577,0.3656578759529319,0.2683887142065668,0.2961761045620475,0.3171710217209048,0.2683887142065668,0.2961761045620475,0.3171710217209048
0.4634263021860484,0.4079561938371025,0.36589136166973,0.2682868379348687,0.2960218754683125,0.3170542789325515,0.2682868379348687,0.2960218754683125,0.3170542789325515
0.4636289260309591,0.4082640689914066,0.3661252611307811,0.2681855260732006,0.2958679379835231,0.3169373292721958,0.2681855260732006,0.2958679379835231,0.3169373292721958
0.4638304273089711,0.4085713579221048,0.3663595688044049,0.2680847754946449,0.2957142936103606,0.3168201755056761,0.2680847754946449,0.2957142936103606,0.3168201755056761
0.4640308122392758,0.4088780576750333,0.3665942791730595,0.2679845830896081,0.2955609438259063,0.316702820391762,0.2679845830896081,0.2955609438259063,0.316702820391762
0.464230087006609,0.4091841653467543,0.3668293867335453,0.2678849457657239,0.2954078900818781,0.3165852666820513,0.2678849457657239,0.2954078900818781,0.3165852666820513
0.4644282577614424,0.4094896780840852,0.3670648859972053,0.2677858604477584,0.2952551338048665,0.3164675171208711,0.2677858604477584,0.2952551338048665,0.3164675171208711
0.4646253306201731,0.4097945930836299,0.3673007714901218,0.2676873240775149,0.2951026763965686,0.3163495744451784,0.2676873240775149,0.2951026763965686,0.3163495744451784
0.4648213116653123,0.4100989075913156,0.3675370377533091,0.2675893336137397,0.29495051923402,0.3162314413844646,0.2675893336137397,0.29495051923402,0.3162314413844646
0.4650162069456732,0.4104026189019319,0.3677736793429029,0.2674918860320277,0.2947986636698253,0.3161131206606602,0.2674918860320277,0.2947986636698253,0.3161131206606602
0.4652100224765579,0.4107057243586741,0.3680106908303457,0.26739497832473,0.2946471110323858,0.3159946149880423,0.26739497832473,0.2946471110323858,0.3159946149880423
0.4654027642399425,0.4110082213526898,0.3682480668025692,0.2672986075008603,0.294495862626127,0.3158759270731433,0.2672986075008603,0.294495862626127,0.3158759270731433
0.4655944381846621,0.411310107322629,0.3684858018621728,0.2672027705860026,0.2943449197317232,0.315757059614662,0.2672027705860026,0.2943449197317232,0.315757059614662
0.4657850502265945,0.411611379754198,0.3687238906275987,0.26710746462222,0.2941942836063204,0.3156380153033757,0.26710746462222,0.2941942836063204,0.3156380153033757
0.4659746062488425,0.4119120361797167,0.3689623277333038,0.2670126866679628,0.294043955483758,0.3155187968220542,0.2670126866679628,0.294043955483758,0.3155187968220542
0.4661631121019156,0.4122120741776789,0.3692011078299275,0.266918433797978,0.2938939365747882,0.3153994068453764,0.266918433797978,0.2938939365747882,0.3153994068453764
0.4663505736039108,0.412511491372317,0.3694402255844572,0.2668247031032188,0.2937442280672943,0.3152798480398469,0.2668247031032188,0.2937442280672943,0.3152798480398469
0.4665369965406917,0.4128102854331688,0.3696796756803897,0.2667314916907552,0.2935948311265066,0.3151601230637157,0.2667314916907552,0.2935948311265066,0.3151601230637157
0.4667223866660675,0.4131084540746493,0.3699194528178895,0.2666387966836843,0.2934457468952169,0.3150402345668989,0.2666387966836843,0.2934457468952169,0.3150402345668989
0.4669067497019703,0.4134059950556241,0.3701595517139438,0.2665466152210418,0.2932969764939918,0.3149201851909014,0.2665466152210418,0.2932969764939918,0.3149201851909014
0.4670900913386319,0.4137029061789877,0.3703999671025149,0.2664549444577135,0.2931485210213833,0.3147999775687405,0.2664549444577135,0.2931485210213833,0.3147999775687405
0.4672724172347594,0.4139991852912439,0.3706406937346882,0.2663637815643475,0.2930003815541389,0.3146796143248718,0.2663637815643475,0.2930003815541389,0.3146796143248718
0.4674537330177097,0.4142948302820905,0.3708817263788183,0.2662731237272671,0.2928525591474091,0.3145590980751165,0.2662731237272671,0.2928525591474091,0.3145590980751165
0.4676340442836634,0.4145898390840065,0.3711230598206713,0.2661829681483836,0.2927050548349537,0.31443843142659,0.2661829681483836,0.2927050548349537,0.31443843142659
0.4678133565977973,0.4148842096718429,0.3713646888635643,0.2660933120451103,0.2925578696293467,0.3143176169776322,0.2660933120451103,0.2925578696293467,0.3143176169776322
0.4679916754944562,0.4151779400624168,0.3716066083285016,0.2660041526502765,0.2924110045221789,0.3141966573177394,0.2660041526502765,0.2924110045221789,0.3141966573177394
0.4681690064773241,0.4154710283141084,0.3718488130543083,0.2659154872120418,0.2922644604842596,0.3140755550274974,0.2659154872120418,0.2922644604842596,0.3140755550274974
0.4683453550195935,0.4157634725264612,0.3720912978977606,0.2658273129938117,0.2921182384658164,0.3139543126785166,0.2658273129938117,0.2921182384658164,0.3139543126785166
0.4685207265641346,0.4160552708397861,0.3723340577337135,0.2657396272741526,0.2919723393966934,0.3138329328333682,0.2657396272741526,0.2919723393966934,0.3138329328333682
0.4686951265236634,0.4163464214347673,0.3725770874552249,0.2656524273467082,0.291826764186548,0.3137114180455213,0.2656524273467082,0.291826764186548,0.3137114180455213
0.4688685602809083,0.4166369225320724,0.372820381973678,0.2655657105201158,0.2916815137250457,0.3135897708592831,0.2655657105201158,0.2916815137250457,0.3135897708592831
0.4690410331887772,0.4169267723919651,0.3730639362188998,0.2654794741179233,0.2915365888820543,0.3134679938097385,0.2654794741179233,0.2915365888820543,0.3134679938097385
0.4692125505705213,0.4172159693139212,0.3733077451392772,0.2653937154785064,0.2913919905078353,0.3133460894226924,0.2653937154785064,0.2913919905078353,0.3133460894226924
0.4693831177199008,0.4175045116362476,0.3735518037018708,0.2653084319549868,0.2912477194332348,0.3132240602146132,0.2653084319549868,0.2912477194332348,0.3132240602146132
0.4695527399013474,0.4177923977357036,0.3737961068925248,0.2652236209151501,0.2911037764698726,0.3131019086925771,0.2652236209151501,0.2911037764698726,0.3131019086925771
0.469721422350127,0.4180796260271268,0.3740406497159757,0.265139279741365,0.2909601624103294,0.3129796373542145,0.265139279741365,0.2909601624103294,0.3129796373542145
0.4698891702725015,0.4183661949630603,0.374285427195957,0.2650554058305021,0.2908168780283333,0.3128572486876571,0.2650554058305021,0.2908168780283333,0.3128572486876571
0.4700559888458892,0.4186521030333838,0.3745304343753019,0.2649719965938538,0.290673924078944,0.3127347451714867,0.2649719965938538,0.290673924078944,0.3127347451714867
0.4702218832190247,0.4189373487649473,0.3747756663160438,0.2648890494570544,0.2905313012987359,0.3126121292746854,0.2648890494570544,0.2905313012987359,0.3126121292746854
0.470386858512118,0.4192219307212081,0.3750211180995129,0.2648065618600003,0.2903890104059801,0.3124894034565863,0.2648065618600003,0.2903890104059801,0.3124894034565863
0.470550919817012,0.41950584750187,0.3752667848264321,0.2647245312567717,0.2902470521008242,0.3123665701668267,0.2647245312567717,0.2902470521008242,0.3123665701668267
0.4707140721973405,0.4197890977425259,0.3755126616170085,0.2646429551155532,0.2901054270654713,0.3122436318453016,0.2646429551155532,0.2901054270654713,0.3122436318453016
0.4708763206886835,0.4200716801143034,0.3757587436110237,0.2645618309185562,0.2899641359643573,0.3121205909221185,0.2645618309185562,0.2899641359643573,0.3121205909221185
0.4710376702987236,0.4203535933235125,0.3760050259679213,0.264481156161941,0.2898231794443267,0.3119974498175544,0.264481156161941,0.2898231794443267,0.3119974498175544
0.4711981260073996,0.4206348361112969,0.3762515038668919,0.2644009283557397,0.2896825581348073,0.3118742109420125,0.2644009283557397,0.2896825581348073,0.3118742109420125
0.4713576927670612,0.4209154072532876,0.3764981725069553,0.264321145023779,0.2895422726479833,0.3117508766959814,0.264321145023779,0.2895422726479833,0.3117508766959814
0.4715163755026209,0.4211953055592593,0.3767450271070415,0.264241803703604,0.2894023235789669,0.3116274494699947,0.264241803703604,0.2894023235789669,0.3116274494699947
0.4716741791117066,0.4214745298727898,0.3769920629060679,0.2641629019464022,0.2892627115059689,0.3115039316445922,0.2641629019464022,0.2892627115059689,0.3115039316445922
0.4718311084648125,0.4217530790709221,0.3772392751630154,0.264084437316928,0.2891234369904674,0.3113803255902821,0.264084437316928,0.2891234369904674,0.3113803255902821
0.4719871684054498,0.4220309520638288,0.3774866591570015,0.2640064073934273,0.288984500577376,0.3112566336675042,0.2640064073934273,0.288984500577376,0.3112566336675042
0.4721423637502956,0.4223081477944798,0.3777342101873512,0.2639288097675631,0.2888459027952092,0.3111328582265946,0.2639288097675631,0.2888459027952092,0.3111328582265946
0.472296699289342,0.4225846652383118,0.3779819235736663,0.2638516420443405,0.2887076441562484,0.3110090016077511,0.2638516420443405,0.2887076441562484,0.3110090016077511
0.4724501797860439,0.4228605034029019,0.3782297946558915,0.2637749018420337,0.2885697251567048,0.3108850661409998,0.2637749018420337,0.2885697251567048,0.3108850661409998
0.4726028099774658,0.4231356613276419,0.3784778187943793,0.2636985867921118,0.2884321462768821,0.3107610541461632,0.2636985867921118,0.2884321462768821,0.3107610541461632
0.4727545945744281,0.4234101380834171,0.3787259913699519,0.263622694539166,0.2882949079813376,0.3106369679328286,0.263622694539166,0.2882949079813376,0.3106369679328286
0.4729055382616528,0.4236839327722863,0.3789743077839619,0.2635472227408368,0.2881580107190413,0.3105128098003186,0.2635472227408368,0.2881580107190413,0.3105128098003186
0.4730556456979076,0.4239570445271651,0.3792227634583496,0.2634721690677416,0.2880214549235354,0.3103885820376614,0.2634721690677416,0.2880214549235354,0.3103885820376614
0.4732049215161499,0.4242294725115116,0.3794713538357,0.2633975312034031,0.2878852410130906,0.3102642869235633,0.2633975312034031,0.2878852410130906,0.3102642869235633
0.47335337032367,0.4245012159190144,0.3797200743792959,0.2633233068441778,0.2877493693908622,0.3101399267263815,0.2633233068441778,0.2877493693908622,0.3101399267263815
0.4735009967022329,0.4247722739732835,0.3799689205731704,0.2632494936991842,0.2876138404450451,0.3100155037040981,0.2632494936991842,0.2876138404450451,0.3100155037040981
0.4736478052082201,0.4250426459275434,0.3802178879221567,0.2631760894902331,0.2874786545490267,0.3098910201042951,0.2631760894902331,0.2874786545490267,0.3098910201042951
0.47379380037277,0.4253123310643291,0.3804669719519359,0.2631030919517567,0.2873438120615394,0.3097664781641307,0.2631030919517567,0.2873438120615394,0.3097664781641307
0.4739389867019177,0.4255813286951836,0.3807161682090834,0.2630304988307388,0.2872093133268114,0.3096418801103158,0.2630304988307388,0.2872093133268114,0.3096418801103158
0.4740833686767343,0.4258496381603591,0.3809654722611126,0.262958307886645,0.2870751586747164,0.3095172281590924,0.262958307886645,0.2870751586747164,0.3095172281590924
0.4742269507534652,0.4261172588285199,0.3812148796965176,0.2628865168913542,0.2869413484209222,0.3093925245162121,0.2628865168913542,0.2869413484209222,0.3093925245162121
0.4743697373636671,0.4263841900964475,0.3814643861248132,0.2628151236290892,0.2868078828670377,0.3092677713769162,0.2628151236290892,0.2868078828670377,0.3092677713769162
0.4745117329143457,0.426650431388749,0.3817139871765735,0.2627441258963486,0.2866747623007593,0.3091429709259164,0.2627441258963486,0.2866747623007593,0.3091429709259164
0.4746529417880909,0.4269159821575668,0.3819636785034686,0.2626735215018386,0.2865419869960156,0.3090181253373763,0.2626735215018386,0.2865419869960156,0.3090181253373763
0.4747933683432125,0.4271808418822914,0.3822134557782996,0.2626033082664058,0.2864095572131112,0.308893236774894,0.2626033082664058,0.2864095572131112,0.308893236774894
0.4749330169138745,0.4274450100692762,0.3824633146950313,0.2625334840229693,0.2862774731988693,0.3087683073914858,0.2625334840229693,0.2862774731988693,0.3087683073914858
0.4750718918102292,0.4277084862515547,0.3827132509688241,0.2624640466164544,0.2861457351867729,0.3086433393295703,0.2624640466164544,0.2861457351867729,0.3086433393295703
0.4752099973185498,0.4279712699885603,0.3829632603360633,0.2623949939037258,0.2860143433971052,0.3085183347209535,0.2623949939037258,0.2860143433971052,0.3085183347209535
0.475347337701363,0.4282333608658478,0.3832133385543867,0.2623263237535213,0.2858832980370887,0.3083932956868152,0.2623263237535213,0.2858832980370887,0.3083932956868152
0.4754839171975803,0.4284947584948176,0.3834634814027116,0.2622580340463865,0.2857525993010231,0.3082682243376956,0.2622580340463865,0.2857525993010231,0.3082682243376956
0.4756197400226292,0.428755462512442,0.3837136846812584,0.2621901226746089,0.2856222473704221,0.3081431227734832,0.2621901226746089,0.2856222473704221,0.3081431227734832
0.4757548103685829,0.4290154725809938,0.3839639442115744,0.2621225875421532,0.2854922424141492,0.308017993083403,0.2621225875421532,0.2854922424141492,0.308017993083403
0.4758891324042899,0.4292747883877772,0.3842142558365543,0.2620554265645962,0.2853625845885522,0.3078928373460065,0.2620554265645962,0.2853625845885522,0.3078928373460065
0.4760227102755029,0.4295334096448609,0.3844646154204604,0.2619886376690631,0.2852332740375967,0.3077676576291614,0.2619886376690631,0.2852332740375967,0.3077676576291614
0.4761555481050062,0.4297913360888128,0.3847150188489403,0.2619222187941628,0.2851043108929987,0.3076424559900424,0.2619222187941628,0.2851043108929987,0.3076424559900424
0.4762876499927434,0.4300485674804379,0.3849654620290439,0.2618561678899248,0.2849756952743555,0.3075172344751236,0.2618561678899248,0.2849756952743555,0.3075172344751236
0.4764190200159436,0.4303051036045178,0.3852159408892376,0.2617904829177357,0.2848474272892764,0.3073919951201703,0.2617904829177357,0.2848474272892764,0.3073919951201703
0.4765496622292477,0.4305609442695519,0.3854664513794188,0.2617251618502763,0.2847195070335116,0.3072667399502329,0.2617251618502763,0.2847195070335116,0.3072667399502329
0.4766795806648332,0.4308160893075018,0.3857169894709269,0.2616602026714591,0.2845919345910801,0.3071414709796402,0.2616602026714591,0.2845919345910801,0.3071414709796402
0.4768087793325385,0.4310705385735367,0.3859675511565545,0.2615956033763661,0.2844647100343974,0.3070161902119949,0.2615956033763661,0.2844647100343974,0.3070161902119949
0.4769372622199872,0.4313242919457819,0.3862181324505558,0.2615313619711866,0.2843378334244008,0.3068908996401686,0.2615313619711866,0.2843378334244008,0.3068908996401686
0.4770650332927107,0.4315773493250685,0.3864687293886548,0.2614674764731562,0.2842113048106747,0.3067656012462982,0.2614674764731562,0.2842113048106747,0.3067656012462982
0.4771920964942707,0.4318297106346857,0.3867193380280511,0.2614039449104951,0.2840851242315745,0.3066402970017826,0.2614039449104951,0.2840851242315745,0.3066402970017826
0.4773184557463811,0.432081375820135,0.3869699544474245,0.2613407653223477,0.2839592917143494,0.3065149888672808,0.2613407653223477,0.2839592917143494,0.3065149888672808
0.4774441149490288,0.4323323448488864,0.3872205747469388,0.2612779357587216,0.2838338072752644,0.3063896787927097,0.2612779357587216,0.2838338072752644,0.3063896787927097
0.4775690779805943,0.4325826177101366,0.3874711950482437,0.2612154542804278,0.2837086709197211,0.3062643687172434,0.2612154542804278,0.2837086709197211,0.3062643687172434
0.4776933486979711,0.4328321944145696,0.3877218114944752,0.2611533189590206,0.2835838826423777,0.3061390605693126,0.2611533189590206,0.2835838826423777,0.3061390605693126
0.4778169309366851,0.4330810749941184,0.3879724202502551,0.2610915278767382,0.2834594424272674,0.3060137562666052,0.2610915278767382,0.2834594424272674,0.3060137562666052
0.4779398285110127,0.4333292595017297,0.3882230175016892,0.2610300791264437,0.2833353502479171,0.3058884577160673,0.2610300791264437,0.2833353502479171,0.3058884577160673
0.4780620452140988,0.4335767480111298,0.3884735994563641,0.2609689708115656,0.2832116060674635,0.3057631668139044,0.2609689708115656,0.2832116060674635,0.3057631668139044
0.4781835848180734,0.4338235406165928,0.388724162343342,0.2609082010460402,0.2830882098387698,0.3056378854455843,0.2609082010460402,0.2830882098387698,0.3056378854455843
0.4783044510741686,0.4340696374327109,0.3889747024131556,0.2608477679542525,0.2829651615045398,0.3055126154858395,0.2608477679542525,0.2829651615045398,0.3055126154858395
0.478424647712834,0.4343150385941658,0.3892252159378011,0.2607876696709788,0.2828424609974327,0.3053873587986708,0.2607876696709788,0.2828424609974327,0.3053873587986708
0.4785441784438518,0.4345597442555031,0.3894756992107296,0.2607279043413291,0.2827201082401757,0.3052621172373515,0.2607279043413291,0.2827201082401757,0.3052621172373515
0.4786630469564517,0.4348037545909082,0.3897261485468376,0.2606684701206897,0.2825981031456762,0.3051368926444323,0.2606684701206897,0.2825981031456762,0.3051368926444323
0.4787812569194244,0.4350470697939833,0.3899765602824569,0.2606093651746663,0.2824764456171333,0.3050116868517461,0.2606093651746663,0.2824764456171333,0.3050116868517461
0.4788988119812349,0.4352896900775273,0.3902269307753423,0.2605505876790276,0.2823551355481473,0.3048865016804145,0.2605505876790276,0.2823551355481473,0.3048865016804145
0.4790157157701352,0.4355316156733172,0.390477256404659,0.2604921358196485,0.28223417282283,0.3047613389408539,0.2604921358196485,0.28223417282283,0.3047613389408539
0.4791319718942761,0.4357728468318913,0.3907275335709682,0.2604340077924548,0.2821135573159123,0.3046362004327824,0.2604340077924548,0.2821135573159123,0.3046362004327824
0.479247583941819,0.436013383822334,0.3909777586962122,0.260376201803367,0.2819932888928521,0.304511087945228,0.260376201803367,0.2819932888928521,0.304511087945228
0.4793625554810461,0.4362532269320626,0.3912279282236978,0.260318716068245,0.2818733674099407,0.304386003256536,0.260318716068245,0.2818733674099407,0.304386003256536
0.4794768900604707,0.4364923764666162,0.3914780386180795,0.260261548812833,0.2817537927144087,0.3042609481343783,0.260261548812833,0.2817537927144087,0.3042609481343783
0.479590591208947,0.436730832749446,0.3917280863653402,0.2602046982727052,0.2816345646445307,0.3041359243357622,0.2602046982727052,0.2816345646445307,0.3041359243357622
0.4797036624357787,0.436968596121707,0.3919780679727725,0.2601481626932107,0.2815156830297292,0.3040109336070406,0.2601481626932107,0.2815156830297292,0.3040109336070406
0.4798161072308275,0.4372056669420527,0.3922279799689574,0.2600919403294197,0.2813971476906776,0.3038859776839217,0.2600919403294197,0.2813971476906776,0.3038859776839217
0.4799279290646207,0.43744204558643,0.3924778189037434,0.2600360294460696,0.2812789584394025,0.3037610582914803,0.2600360294460696,0.2812789584394025,0.3037610582914803
0.4800391313884583,0.4376777324478771,0.3927275813482238,0.2599804283175115,0.2811611150793851,0.3036361771441689,0.2599804283175115,0.2811611150793851,0.3036361771441689
0.4801497176345197,0.4379127279363221,0.3929772638947125,0.2599251352276567,0.2810436174056612,0.3035113359458292,0.2599251352276567,0.2810436174056612,0.3035113359458292
0.4802596912159693,0.4381470324783843,0.3932268631567203,0.259870148469924,0.2809264652049214,0.3033865363897051,0.259870148469924,0.2809264652049214,0.3033865363897051
0.4803690555270622,0.4383806465171765,0.393476375768929,0.2598154663471868,0.2808096582556096,0.3032617801584545,0.2598154663471868,0.2808096582556096,0.3032617801584545
0.4804778139432488,0.4386135705121088,0.3937257983871648,0.259761087171721,0.2806931963280206,0.3031370689241634,0.259761087171721,0.2806931963280206,0.3031370689241634
0.480585969821279,0.4388458049386949,0.3939751276883712,0.2597070092651526,0.2805770791843978,0.303012404348359,0.2597070092651526,0.2805770791843978,0.303012404348359
0.4806935264993058,0.4390773502883593,0.3942243603705805,0.2596532309584062,0.2804613065790292,0.3028877880820241,0.2596532309584062,0.2804613065790292,0.3028877880820241
0.4808004872969882,0.4393082070682466,0.3944734931528846,0.2595997505916532,0.2803458782583426,0.3027632217656118,0.2595997505916532,0.2803458782583426,0.3027632217656118
0.480906855515594,0.4395383758010321,0.3947225227754051,0.2595465665142608,0.2802307939610005,0.3026387070290604,0.2595465665142608,0.2802307939610005,0.3026387070290604
0.4810126344381012,0.4397678570247339,0.394971445999262,0.2594936770847409,0.2801160534179939,0.3025142454918089,0.2594936770847409,0.2801160534179939,0.3025142454918089
0.4811178273292999,0.4399966512925276,0.3952202596065421,0.2594410806706994,0.2800016563527353,0.3023898387628129,0.2594410806706994,0.2800016563527353,0.3023898387628129
0.4812224374358925,0.4402247591725609,0.3954689604002661,0.2593887756487862,0.279887602481151,0.3022654884405612,0.2593887756487862,0.279887602481151,0.3022654884405612
0.4813264679865944,0.4404521812477714,0.3957175452043553,0.2593367604046444,0.2797738915117724,0.302141196113092,0.2593367604046444,0.2797738915117724,0.302141196113092
0.4814299221922333,0.440678918115705,0.3959660108635968,0.2592850333328612,0.2796605231458266,0.3020169633580109,0.2592850333328612,0.2796605231458266,0.3020169633580109
0.4815328032458484,0.4409049703883364,0.3962143542436092,0.2592335928369179,0.2795474970773266,0.3018927917425078,0.2592335928369179,0.2795474970773266,0.3018927917425078
0.481635114322789,0.4411303386918904,0.3964625722308055,0.2591824373291409,0.2794348129931601,0.301768682823375,0.2591824373291409,0.2794348129931601,0.301768682823375
0.4817368585808127,0.4413550236666658,0.3967106617323573,0.2591315652306524,0.2793224705731779,0.301644638147026,0.2591315652306524,0.2793224705731779,0.301644638147026
0.4818380391601823,0.4415790259668597,0.3969586196761566,0.2590809749713218,0.2792104694902816,0.3015206592495137,0.2590809749713218,0.2792104694902816,0.3015206592495137
0.4819386591837632,0.4418023462603943,0.3972064430107782,0.2590306649897173,0.2790988094105104,0.3013967476565498,0.2590306649897173,0.2790988094105104,0.3013967476565498
0.4820387217571197,0.4420249852287444,0.3974541287054401,0.2589806337330579,0.278987489993127,0.3012729048835246,0.2589806337330579,0.278987489993127,0.3012729048835246
0.4821382299686108,0.442246943566767,0.3977016737499638,0.2589308796571648,0.2788765108907032,0.3011491324355262,0.2589308796571648,0.2788765108907032,0.3011491324355262
0.4822371868894855,0.4424682219825318,0.3979490751547344,0.2588814012264145,0.2787658717492043,0.3010254318073614,0.2588814012264145,0.2787658717492043,0.3010254318073614
0.4823355955739776,0.442688821197154,0.3981963299506585,0.2588321969136911,0.278655572208073,0.3009018044835757,0.2588321969136911,0.278655572208073,0.3009018044835757
0.4824334590593999,0.4429087419446272,0.3984434351891231,0.258783265200339,0.2785456119003126,0.300778251938475,0.258783265200339,0.2785456119003126,0.300778251938475
0.4825307803662383,0.4431279849716594,0.3986903879419527,0.2587346045761161,0.2784359904525693,0.300654775636146,0.2587346045761161,0.2784359904525693,0.300654775636146
0.4826275624982444,0.4433465510375092,0.398937185301366,0.2586862135391477,0.2783267074852143,0.3005313770304786,0.2586862135391477,0.2783267074852143,0.3005313770304786
0.4827238084425288,0.4435644409138236,0.3991838243799321,0.2586380905958793,0.278217762612424,0.3004080575651872,0.2586380905958793,0.278217762612424,0.3004080575651872
0.4828195211696529,0.4437816553844779,0.3994303023105258,0.258590234261031,0.2781091554422612,0.3002848186738337,0.258590234261031,0.2781091554422612,0.3002848186738337
0.482914703633721,0.4439981952454163,0.399676616246283,0.2585426430575517,0.278000885576754,0.3001616617798493,0.2585426430575517,0.278000885576754,0.3001616617798493
0.4830093587724708,0.444214061304494,0.3999227633605538,0.2584953155165733,0.2778929526119749,0.300038588296558,0.2584953155165733,0.2778929526119749,0.300038588296558
0.4831034895073648,0.4444292543813211,0.4001687408468572,0.2584482501773656,0.2777853561381193,0.2999155996271995,0.2584482501773656,0.2777853561381193,0.2999155996271995
0.4831970987436801,0.4446437753071071,0.4004145459188331,0.2584014455872907,0.2776780957395826,0.2997926971649531,0.2584014455872907,0.2776780957395826,0.2997926971649531
0.4832901893705981,0.4448576249245076,0.4006601758101953,0.2583549003017588,0.2775711709950372,0.2996698822929609,0.2583549003017588,0.2775711709950372,0.2996698822929609
0.4833827642612936,0.4450708040874719,0.4009056277746831,0.2583086128841836,0.2774645814775087,0.2995471563843526,0.2583086128841836,0.2774645814775087,0.2995471563843526
0.4834748262730238,0.4452833136610919,0.4011508990860125,0.2582625819059371,0.2773583267544516,0.2994245208022693,0.2582625819059371,0.2773583267544516,0.2994245208022693
0.483566378247216,0.4454951545214525,0.4013959870378266,0.2582168059463066,0.2772524063878236,0.2993019768998886,0.2582168059463066,0.2772524063878236,0.2993019768998886
0.4836574230095557,0.4457063275554831,0.4016408889436461,0.2581712835924501,0.2771468199341601,0.2991795260204494,0.2581712835924501,0.2771468199341601,0.2991795260204494
0.4837479633700738,0.4459168336608108,0.4018856021368187,0.2581260134393532,0.2770415669446481,0.2990571694972771,0.2581260134393532,0.2770415669446481,0.2990571694972771
0.4838380021232328,0.4461266737456144,0.4021301239704678,0.2580809940897853,0.2769366469651983,0.298934908653809,0.2580809940897853,0.2769366469651983,0.298934908653809
0.4839275420480139,0.4463358487284801,0.4023744518174416,0.2580362241542567,0.276832059536518,0.2988127448036205,0.2580362241542567,0.276832059536518,0.2988127448036205
0.4840165859080021,0.4465443595382582,0.4026185830702606,0.2579917022509757,0.2767278041941821,0.2986906792504503,0.2579917022509757,0.2767278041941821,0.2986906792504503
0.4841051364514717,0.4467522071139212,0.4028625151410651,0.2579474270058061,0.2766238804687049,0.2985687132882277,0.2579474270058061,0.2766238804687049,0.2985687132882277
0.4841931964114713,0.4469593924044232,0.4031062454615626,0.2579033970522243,0.2765202878856095,0.2984468482010981,0.2579033970522243,0.2765202878856095,0.2984468482010981
0.4842807685059078,0.4471659163685604,0.4033497714829738,0.2578596110312776,0.276417025965498,0.2983250852634503,0.2578596110312776,0.276417025965498,0.2983250852634503
0.4843678554376306,0.447371779974833,0.403593090675979,0.2578160675915423,0.2763140942241208,0.2982034257399434,0.2578160675915423,0.2763140942241208,0.2982034257399434
0.4844544598945148,0.4475769842013081,0.4038362005306636,0.2577727653890815,0.2762114921724445,0.2980818708855341,0.2577727653890815,0.2762114921724445,0.2980818708855341
0.4845405845495445,0.4477815300354843,0.4040790985564629,0.2577297030874041,0.2761092193167201,0.2979604219455038,0.2577297030874041,0.2761092193167201,0.2979604219455038
0.4846262320608948,0.4479854184741567,0.4043217822821073,0.2576868793574232,0.2760072751585504,0.2978390801554867,0.2576868793574232,0.2760072751585504,0.2978390801554867
0.4847114050720142,0.4481886505232838,0.4045642492555662,0.2576442928774154,0.2759056591949565,0.2977178467414974,0.2576442928774154,0.2759056591949565,0.2977178467414974
0.4847961062117062,0.4483912271978557,0.4048064970439918,0.2576019423329797,0.2758043709184435,0.2975967229199589,0.2576019423329797,0.2758043709184435,0.2975967229199589
0.4848803380942101,0.4485931495217625,0.4050485232336627,0.2575598264169973,0.2757034098170668,0.2974757098977313,0.2575598264169973,0.2757034098170668,0.2974757098977313
0.484964103319282,0.4487944185276653,0.4052903254299267,0.2575179438295909,0.2756027753744961,0.2973548088721399,0.2575179438295909,0.2756027753744961,0.2973548088721399
0.4850474044722752,0.4489950352568667,0.4055319012571435,0.2574762932780846,0.2755024670700804,0.2972340210310042,0.2574762932780846,0.2755024670700804,0.2972340210310042
0.4851302441242195,0.4491950007591841,0.4057732483586268,0.2574348734769644,0.2754024843789113,0.2971133475526667,0.2574348734769644,0.2754024843789113,0.2971133475526667
0.4852126248319007,0.4493943160928232,0.4060143643965862,0.257393683147838,0.2753028267718863,0.2969927896060218,0.257393683147838,0.2753028267718863,0.2969927896060218
0.48529454913794,0.4495929823242524,0.4062552470520686,0.2573527210193957,0.2752034937157716,0.2968723483505454,0.2573527210193957,0.2752034937157716,0.2968723483505454
0.4853760195708716,0.4497910005280796,0.4064958940248993,0.2573119858273709,0.2751044846732634,0.2967520249363241,0.2573119858273709,0.2751044846732634,0.2967520249363241
0.4854570386452218,0.4499883717869283,0.4067363030336225,0.2572714763145015,0.2750057991030504,0.2966318205040852,0.2572714763145015,0.2750057991030504,0.2966318205040852
0.4855376088615855,0.4501850971913167,0.4069764718154422,0.2572311912304907,0.2749074364598738,0.296511736185226,0.2572311912304907,0.2749074364598738,0.296511736185226
0.4856177327067043,0.4503811778395363,0.4072163981261616,0.2571911293319685,0.2748093961945882,0.2963917731018442,0.2571911293319685,0.2748093961945882,0.2963917731018442
0.4856974126535428,0.4505766148375328,0.4074560797401231,0.2571512893824532,0.274711677754221,0.2962719323667679,0.2571512893824532,0.274711677754221,0.2962719323667679
0.4857766511613648,0.4507714092987873,0.4076955144501478,0.2571116701523138,0.2746142805820321,0.2961522150835859,0.2571116701523138,0.2746142805820321,0.2961522150835859
0.4858554506758095,0.4509655623441989,0.4079347000674742,0.2570722704187313,0.2745172041175722,0.2960326223466784,0.2570722704187313,0.2745172041175722,0.2960326223466784
0.4859338136289671,0.4511590751019683,0.4081736344216973,0.2570330889656613,0.2744204477967413,0.2959131552412471,0.2570330889656613,0.2744204477967413,0.2959131552412471
0.4860117424394535,0.4513519487074828,0.4084123153607067,0.2569941245837968,0.2743240110518462,0.2957938148433467,0.2569941245837968,0.2743240110518462,0.2957938148433467
0.4860892395124849,0.4515441843032014,0.4086507407506249,0.2569553760705302,0.2742278933116575,0.2956746022199152,0.2569553760705302,0.2742278933116575,0.2956746022199152
0.4861663072399526,0.4517357830385424,0.4088889084757452,0.2569168422299167,0.2741320940014667,0.2955555184288053,0.2569168422299167,0.2741320940014667,0.2955555184288053
0.4862429480004962,0.4519267460697705,0.4091268164384693,0.2568785218726371,0.2740366125431415,0.2954365645188157,0.2568785218726371,0.2740366125431415,0.2954365645188157
0.4863191641595774,0.4521170745598862,0.4093644625592445,0.2568404138159613,0.2739414483551822,0.295317741529722,0.2568404138159613,0.2739414483551822,0.295317741529722
0.4863949580695529,0.4523067696785153,0.4096018447765005,0.2568025168837118,0.2738466008527762,0.2951990504923086,0.2568025168837118,0.2738466008527762,0.2951990504923086
0.4864703320697467,0.4524958326017999,0.4098389610465868,0.2567648299062271,0.2737520694478527,0.2950804924284003,0.2567648299062271,0.2737520694478527,0.2950804924284003
0.486545288486523,0.4526842645122906,0.4100758093437087,0.2567273517203258,0.273657853549137,0.2949620683508939,0.2567273517203258,0.273657853549137,0.2949620683508939
0.4866198296333573,0.4528720665988388,0.4103123876598636,0.256690081169271,0.2735639525622034,0.2948437792637899,0.256690081169271,0.2735639525622034,0.2948437792637899
0.4866939578109083,0.4530592400564912,0.4105486940047774,0.256653017102734,0.2734703658895293,0.2947256261622249,0.256653017102734,0.2734703658895293,0.2947256261622249
0.4867676753070885,0.4532457860863841,0.4107847264058401,0.2566161583767591,0.2733770929305466,0.2946076100325032,0.2566161583767591,0.2733770929305466,0.2946076100325032
0.4868409843971352,0.4534317058956398,0.4110204829080413,0.2565795038537285,0.2732841330816947,0.2944897318521296,0.2565795038537285,0.2732841330816947,0.2944897318521296
0.4869138873436805,0.453617000697263,0.4112559615739055,0.2565430524023267,0.2731914857364715,0.2943719925898411,0.2565430524023267,0.2731914857364715,0.2943719925898411
0.486986386396821,0.4538016717100388,0.4114911604834276,0.2565068028975062,0.2730991502854849,0.2942543932056397,0.2565068028975062,0.2730991502854849,0.2942543932056397
0.4870584837941875,0.4539857201584312,0.4117260777340077,0.2564707542204521,0.2730071261165032,0.2941369346508248,0.2564707542204521,0.2730071261165032,0.2941369346508248
0.4871301817610142,0.4541691472724829,0.4119607114403857,0.2564349052585482,0.2729154126145055,0.2940196178680259,0.2564349052585482,0.2729154126145055,0.2940196178680259
0.487201482510207,0.4543519542877161,0.4121950597345761,0.256399254905342,0.272824009161731,0.2939024437912351,0.256399254905342,0.272824009161731,0.2939024437912351
0.4872723882424119,0.4545341424450335,0.4124291207658021,0.2563638020605113,0.2727329151377287,0.2937854133458404,0.2563638020605113,0.2727329151377287,0.2937854133458404
0.487342901146083,0.4547157129906215,0.4126628927004302,0.2563285456298296,0.2726421299194058,0.2936685274486579,0.2563285456298296,0.2726421299194058,0.2936685274486579
0.4874130233975502,0.4548966671758527,0.4128963737219039,0.2562934845251327,0.2725516528810765,0.2935517870079654,0.2562934845251327,0.2725516528810765,0.2935517870079654
0.487482757161086,0.4550770062571911,0.4131295620306774,0.2562586176642849,0.272461483394509,0.293435192923535,0.2562586176642849,0.272461483394509,0.293435192923535
0.4875521045889727,0.4552567314960964,0.41336245584415,0.2562239439711458,0.2723716208289739,0.2933187460866669,0.2562239439711458,0.2723716208289739,0.2933187460866669
0.4876210678215684,0.4554358441589307,0.413595053396599,0.2561894623755369,0.2722820645512905,0.2932024473802217,0.2561894623755369,0.2722820645512905,0.2932024473802217
0.4876896489873734,0.4556143455168655,0.413827352939113,0.2561551718132087,0.2721928139258735,0.2930862976786545,0.2561551718132087,0.2721928139258735,0.2930862976786545
0.4877578502030959,0.4557922368457888,0.414059352739526,0.2561210712258079,0.2721038683147792,0.2929702978480479,0.2561210712258079,0.2721038683147792,0.2929702978480479
0.487825673573717,0.4559695194262147,0.4142910510823495,0.2560871595608443,0.2720152270777511,0.2928544487461456,0.2560871595608443,0.2720152270777511,0.2928544487461456
0.4878931211925561,0.4561461945431926,0.414522446268706,0.256053435771659,0.2719268895722647,0.2927387512223859,0.256053435771659,0.2719268895722647,0.2927387512223859
0.4879601951413351,0.4563222634862173,0.414753536616262,0.2560198988173917,0.271838855153573,0.292623206117935,0.2560198988173917,0.271838855153573,0.292623206117935
0.488026897490243,0.4564977275491412,0.4149843204591603,0.2559865476629484,0.2717511231747503,0.292507814265721,0.2559865476629484,0.2717511231747503,0.292507814265721
0.4880932302979994,0.4566725880300854,0.4152147961479528,0.25595338127897,0.2716636929867363,0.2923925764904675,0.25595338127897,0.2716636929867363,0.2923925764904675
0.4881591956119187,0.4568468462313535,0.4154449620495332,0.2559203986418,0.2715765639383797,0.2922774936087271,0.2559203986418,0.2715765639383797,0.2922774936087271
0.4882247954679724,0.4570205034593448,0.4156748165470689,0.2558875987334531,0.2714897353764812,0.2921625664289155,0.2558875987334531,0.2714897353764812,0.2921625664289155
0.4882900318908528,0.4571935610244696,0.415904358039934,0.2558549805415838,0.2714032066458361,0.2920477957513454,0.2558549805415838,0.2714032066458361,0.2920477957513454
0.4883549068940348,0.457366020241064,0.4161335849436409,0.2558225430594553,0.2713169770892766,0.29193318236826,0.2558225430594553,0.2713169770892766,0.29193318236826
0.4884194224798384,0.4575378824273067,0.4163624956897725,0.2557902852859082,0.2712310460477139,0.2918187270638675,0.2557902852859082,0.2712310460477139,0.2918187270638675
0.4884835806394907,0.4577091489051356,0.4165910887259146,0.2557582062253295,0.2711454128601793,0.2917044306143743,0.2557582062253295,0.2711454128601793,0.2917044306143743
0.4885473833531868,0.4578798210001663,0.4168193625155874,0.2557263048876223,0.2710600768638656,0.2915902937880201,0.2557263048876223,0.2710600768638656,0.2915902937880201
0.4886108325901513,0.4580499000416101,0.4170473155381775,0.2556945802881748,0.2709750373941675,0.2914763173451109,0.2556945802881748,0.2709750373941675,0.2914763173451109
0.488673930308699,0.4582193873621939,0.4172749462888701,0.2556630314478303,0.2708902937847217,0.2913625020380539,0.2556630314478303,0.2708902937847217,0.2913625020380539
0.4887366784562954,0.4583882842980804,0.4175022532785799,0.2556316573928565,0.2708058453674476,0.2912488486113911,0.2556316573928565,0.2708058453674476,0.2912488486113911
0.4887990789696168,0.458556592188789,0.4177292350338835,0.255600457154916,0.2707216914725856,0.2911353578018337,0.255600457154916,0.2707216914725856,0.2911353578018337
0.4888611337746098,0.4587243123771177,0.4179558900969508,0.2555694297710359,0.2706378314287373,0.2910220303382966,0.2555694297710359,0.2706378314287373,0.2910220303382966
0.4889228447865511,0.4588914462090657,0.4181822170254765,0.2555385742835786,0.2705542645629035,0.2909088669419319,0.2555385742835786,0.2705542645629035,0.2909088669419319
0.4889842139101064,0.4590579950337565,0.4184082143926114,0.2555078897402116,0.2704709902005227,0.2907958683261636,0.2555078897402116,0.2704709902005227,0.2907958683261636
0.4890452430393895,0.4592239602033621,0.4186338807868943,0.2554773751938788,0.2703880076655095,0.290683035196722,0.2554773751938788,0.2703880076655095,0.290683035196722
0.4891059340580202,0.4593893430730279,0.4188592148121834,0.2554470297027708,0.2703053162802914,0.2905703682516777,0.2554470297027708,0.2703053162802914,0.2905703682516777
0.489166288839183,0.4595541450007982,0.4190842150875871,0.2554168523302958,0.2702229153658469,0.2904578681814759,0.2554168523302958,0.2702229153658469,0.2904578681814759
0.4892263092456845,0.4597183673475423,0.4193088802473961,0.2553868421450512,0.2701408042417415,0.2903455356689709,0.2553868421450512,0.2701408042417415,0.2903455356689709
0.4892859971300112,0.4598820114768818,0.4195332089410143,0.2553569982207942,0.2700589822261649,0.2902333713894604,0.2553569982207942,0.2700589822261649,0.2902333713894604
0.4893453543343864,0.4600450787551182,0.4197571998328903,0.2553273196364138,0.2699774486359669,0.2901213760107197,0.2553273196364138,0.2699774486359669,0.2901213760107197
0.4894043826908274,0.4602075705511613,0.4199808516024486,0.2552978054759018,0.2698962027866929,0.290009550193036,0.2552978054759018,0.2698962027866929,0.290009550193036
0.4894630840212017,0.4603694882364585,0.420204162944021,0.255268454828325,0.2698152439926196,0.2898978945892433,0.255268454828325,0.2698152439926196,0.2898978945892433
0.4895214601372834,0.4605308331849244,0.4204271325667776,0.255239266787797,0.2697345715667901,0.2897864098447558,0.255239266787797,0.2697345715667901,0.2897864098447558
0.4895795128408091,0.4606916067728718,0.4206497591946585,0.2552102404534499,0.2696541848210485,0.2896750965976034,0.2552102404534499,0.2696541848210485,0.2896750965976034
0.4896372439235336,0.4608518103789425,0.4208720415663048,0.255181374929407,0.2695740830660742,0.289563955478465,0.255181374929407,0.2695740830660742,0.289563955478465
